hidden_size,blocks,n_train,lr,min_val_loss
16.0,12.0,500.0,0.01,-2.8056973218917847
16.0,12.0,500.0,0.02,-3.014769673347473
16.0,18.0,500.0,0.01,-2.770652651786804
16.0,18.0,500.0,0.02,-2.7188800573349
24.0,12.0,500.0,0.01,-2.7200764417648315
24.0,12.0,500.0,0.02,-2.903169274330139
24.0,18.0,500.0,0.01,-2.544980049133301
24.0,18.0,500.0,0.02,-2.862412691116333
