hidden_size,blocks,n_train,lr,min_val_loss
16.0,12.0,500.0,0.01,-0.6046734750270844
16.0,12.0,500.0,0.02,-0.6168677508831024
16.0,18.0,500.0,0.01,-0.45730534195899963
16.0,18.0,500.0,0.02,-0.6654054820537567
24.0,12.0,500.0,0.01,-0.7751890420913696
24.0,12.0,500.0,0.02,-0.6169005483388901
24.0,18.0,500.0,0.01,-0.6147465407848358
24.0,18.0,500.0,0.02,-0.6077254414558411
